Keyword,Subreddit,Category,Members,Title,Upvotes,Comments,Moderator Interaction,Fact-Checking Mention,Total Awards,URL,Original Post URL
texas,News,General Politics,28933544,Texas man accused of supporting ISIS charged in federal court,128,4,No,No,0,https://abcnews.go.com/US/wireStory/texas-man-accused-supporting-isis-charged-federal-court-115881241,/r/news/comments/1grujy2/texas_man_accused_of_supporting_isis_charged_in/
illegal,News,General Politics,28933544,South African government refuses to help hundreds of illegal miners in disused shaft,1086,70,No,No,0,https://www.cnn.com/2024/11/14/africa/south-africa-illegal-miners-intl/index.html,/r/news/comments/1grgavk/south_african_government_refuses_to_help_hundreds/
south america,PoliticalDiscussion,General Politics,2184640,How will Marco Rubio as SoS influence relations?,47,96,No,No,0,https://www.reddit.com/r/PoliticalDiscussion/comments/1gqxts1/how_will_marco_rubio_as_sos_influence_relations/,/r/PoliticalDiscussion/comments/1gqxts1/how_will_marco_rubio_as_sos_influence_relations/
illegal,PoliticalDiscussion,General Politics,2184640,Did most Trump voters not believe he is a threat to democracy or did they not care?,3,9,No,No,0,https://www.reddit.com/r/PoliticalDiscussion/comments/1gr7dys/did_most_trump_voters_not_believe_he_is_a_threat/,/r/PoliticalDiscussion/comments/1gr7dys/did_most_trump_voters_not_believe_he_is_a_threat/
immigration,NeutralPolitics,General Politics,610700,Do any countries have laws to combat politically-driven misinformation?,19,33,No,Yes,0,https://www.reddit.com/r/NeutralPolitics/comments/1gq4agt/do_any_countries_have_laws_to_combat/,/r/NeutralPolitics/comments/1gq4agt/do_any_countries_have_laws_to_combat/
immigration,NeutralPolitics,General Politics,610700,Trump won the presidency and popular vote running on the mass deportation of illegal aliens. Who saw this coming and what lessons can be learned?,226,326,No,No,0,https://www.reddit.com/r/NeutralPolitics/comments/1gnk7ih/trump_won_the_presidency_and_popular_vote_running/,/r/NeutralPolitics/comments/1gnk7ih/trump_won_the_presidency_and_popular_vote_running/
illegal,Republican,Ideological Politics,205587,"So, That's Why Bob Casey Didn't Concede the PA Senate Race | PA commissioner says she knows it's illegal but simply does not care",218,26,No,No,0,https://townhall.com/tipsheet/mattvespa/2024/11/14/bucks-county-dems-should-be-indicted-for-trying-to-steal-the-pa-senate-race-n2647807,/r/Republican/comments/1grhr5s/so_thats_why_bob_casey_didnt_concede_the_pa/
texas,Progressive,Ideological Politics,78071,A Texas Woman Died After Waiting 40 Hours for Miscarriage Care,295,6,No,No,0,https://www.propublica.org/article/josseli-barnica-death-miscarriage-texas-abortion-ban,/r/progressive/comments/1gfmamd/a_texas_woman_died_after_waiting_40_hours_for/
illegal,Conservatives,Ideological Politics,108264,PA Dems Defy State Law To Count Hundreds Of Illegal Votes,86,12,No,No,0,https://thefederalist.com/2024/11/14/people-violate-laws-anytime-they-want-pa-county-dems-defy-state-law-to-count-hundreds-of-illegal-votes/,/r/conservatives/comments/1grk2vn/pa_dems_defy_state_law_to_count_hundreds_of/
illegal,Conservatives,Ideological Politics,108264,We're Heading for a Recount in Pennsylvania Senate race - and the Dems Want Illegal Ballots Counted.,160,14,No,No,0,https://townhall.com/tipsheet/mattvespa/2024/11/14/sore-loser-dems-want-a-recount-in-pas-senate-race-heres-what-theyre-arguing-for-n2647774,/r/conservatives/comments/1grayty/were_heading_for_a_recount_in_pennsylvania_senate/
border,dailywire,Ideological Politics,24229,New border czar owned AOC,116,9,No,No,0,https://www.instagram.com/reel/DCP4TAnyNoZ/?igsh=MmI5ZmppaWlpYWs2,/r/dailywire/comments/1gr2vm4/new_border_czar_owned_aoc/
